{
    "_default": {
        "1": {
            "data": {
                "_alpha_readings": {
                    "TP9": 0.0,
                    "AF7": 0.0,
                    "AF8": 0.0,
                    "TP10": 0.0
                },
                "_beta_readings": {
                    "TP9": 0.0,
                    "AF7": 0.0,
                    "AF8": 0.0,
                    "TP10": 0.0
                },
                "_delta_readings": {
                    "TP9": 0.0,
                    "AF7": 0.0,
                    "AF8": 0.0,
                    "TP10": 0.0
                },
                "_gamma_readings": {
                    "TP9": 0.0,
                    "AF7": 0.0,
                    "AF8": 0.0,
                    "TP10": 0.0
                },
                "_theta_readings": {
                    "TP9": 0.0,
                    "AF7": 0.0,
                    "AF8": 0.0,
                    "TP10": 0.0
                },
                "_gyroscope_readings": {
                    "X": 0.22430419921875,
                    "Y": -1.667327880859375,
                    "Z": -0.216827392578125
                },
                "_accelerometer_readings": {
                    "X": 0.3897705078125,
                    "Y": -0.0059814453125,
                    "Z": 0.9305419921875
                },
                "_is_blink_detected": false
            }
        }
    }
}