{"_default": {"1": {"data": {"_alpha_readings": {"TP9": 1.0639655590057373, "AF7": 0.18214596807956696, "AF8": 0.4927230775356293, "TP10": 1.2861828804016113}, "_beta_readings": {"TP9": 0.7000477910041809, "AF7": 0.3433579206466675, "AF8": 0.23358619213104248, "TP10": 0.7385879158973694}, "_delta_readings": {"TP9": 0.6529232859611511, "AF7": 0.5148624777793884, "AF8": 0.46523335576057434, "TP10": 0.9114804267883301}, "_gamma_readings": {"TP9": 0.22948385775089264, "AF7": 0.1874396651983261, "AF8": -0.21387669444084167, "TP10": 0.34788399934768677}, "_theta_readings": {"TP9": 0.7647244930267334, "AF7": 0.27099698781967163, "AF8": 0.02308909222483635, "TP10": 1.0191723108291626}, "_gyroscope_readings": {"X": 1.009368896484375, "Y": -1.024322509765625, "Z": -3.910369873046875}, "_accelerometer_readings": {"X": -0.33465576171875, "Y": 0.1416015625, "Z": 0.94720458984375}, "_is_blink_detected": false}}}}