{"_default": {"1": {"data": {"_alpha_readings": {"TP9": 0.765101969242096, "AF7": 0.33043038845062256, "AF8": 0.7101762294769287, "TP10": 1.3440120220184326}, "_beta_readings": {"TP9": 0.782518744468689, "AF7": 0.0770614966750145, "AF8": 0.28878435492515564, "TP10": 0.7928979992866516}, "_delta_readings": {"TP9": 1.0716228485107422, "AF7": 0.6923692226409912, "AF8": 1.0608831644058228, "TP10": 1.0474756956100464}, "_gamma_readings": {"TP9": 0.5110751390457153, "AF7": -0.3976943790912628, "AF8": 0.09434903413057327, "TP10": 0.3890075087547302}, "_theta_readings": {"TP9": 1.046471357345581, "AF7": 0.44679123163223267, "AF8": 1.0847362279891968, "TP10": 1.2879756689071655}, "_gyroscope_readings": {"X": 6.14593505859375, "Y": -6.41510009765625, "Z": 6.6693115234375}, "_accelerometer_readings": {"X": 0.2203369140625, "Y": 0.52691650390625, "Z": 0.8974609375}, "_is_blink_detected": false}}}}